Timestamp,Pipe Number,R1,R2,R3,R4,R5
2026-05-14 13:14:13,P1,43.02,38.81,38.16,35.01,37.16
2026-05-14 13:14:13,P2,37.79,38.11,40.3,36.25,38.52
2026-05-14 13:14:13,P3,37.71,42.68,43.79,44.56,38.08
2026-05-14 13:14:44,P1,41.51,42.22,35.32,36.28,36.42
2026-05-14 13:14:44,P2,44.94,37.88,38.44,37.89,36.59
2026-05-14 13:14:44,P3,42.55,40.11,42.72,36.1,39.79
2026-05-14 13:15:16,P1,41.73,41.16,41.35,35.56,43.65
2026-05-14 13:15:16,P2,43.93,41.05,35.64,39.58,44.36
2026-05-14 13:15:16,P3,42.57,42.72,37.16,42.87,36.12
